[
  {
    "id": 1,
    "name": "🍔 برگر",
    "description": "انواع برگرهای خوشمزه",
    "active": true,
    "created_at": "2025-09-04T12:37:08.825050"
  },
  {
    "id": 2,
    "name": "🍕 پیتزا",
    "description": "پیتزاهای تازه و داغ",
    "active": true,
    "created_at": "2025-09-04T12:37:08.825059"
  },
  {
    "id": 3,
    "name": "🥤نوشیدنی",
    "description": "نوشیدنی های سرد و گرم",
    "active": true,
    "created_at": "2025-09-04T12:37:08.825067"
  }
]