[
  {
    "id": 5,
    "user_id": 6976559265,
    "cart": [
      {
        "id": 1,
        "quantity": 2
      }
    ],
    "total": 90000,
    "created_at": "2025-09-09T12:04:42.299512",
    "status": "در حال آماده‌سازی",
    "payment_message_id": 5214,
    "receipt": {
      "user_id": 6976559265,
      "order_id": 5,
      "timestamp": "1404/06/18 - 12:04",
      "type": "text",
      "file_id": null,
      "text": "Vcfgv"
    },
    "admin_message_ids": {
      "6976559265": 5217,
      "83859402": 5218
    },
    "updated_at": "2025-09-09T12:04:53.008897",
    "ready_at": "783/03/29 - 15:34"
  },
  {
    "id": 6,
    "user_id": 6976559265,
    "cart": [
      {
        "id": 2,
        "quantity": 1
      }
    ],
    "total": 65000,
    "created_at": "1404-06-18T12:13:25.135849",
    "status": "لغو شده",
    "payment_message_id": 5233,
    "updated_at": "2025-09-09T12:27:00.487377"
  },
  {
    "id": 7,
    "user_id": 6976559265,
    "cart": [
      {
        "id": 2,
        "quantity": 2
      }
    ],
    "total": 130000,
    "created_at": "1404-06-18T14:39:48.744134",
    "status": "تایید شده",
    "payment_message_id": 5241,
    "receipt": {
      "user_id": 6976559265,
      "order_id": 7,
      "timestamp": "1404/06/18 - 14:39",
      "type": "text",
      "file_id": null,
      "text": "Bcfhhc"
    },
    "admin_message_ids": {
      "6976559265": 5244,
      "83859402": 5245
    },
    "updated_at": "1404-06-18T14:39:57.324996"
  },
  {
    "id": 8,
    "user_id": 6976559265,
    "cart": [
      {
        "id": 3,
        "quantity": 2
      },
      {
        "id": 2,
        "quantity": 1
      },
      {
        "id": 1,
        "quantity": 2
      }
    ],
    "total": 171000,
    "created_at": "1404-06-18T20:58:35.407333",
    "status": "لغو شده",
    "payment_message_id": 5338,
    "receipt": {
      "user_id": 6976559265,
      "order_id": 8,
      "timestamp": "1404/06/18 - 20:59",
      "type": "text",
      "file_id": null,
      "text": "Fdfggcv"
    },
    "admin_message_ids": {
      "6976559265": 5341,
      "83859402": 5342
    }
  },
  {
    "id": 9,
    "user_id": 83859402,
    "cart": [
      {
        "id": 3,
        "quantity": 1
      },
      {
        "id": 1,
        "quantity": 3
      }
    ],
    "total": 143000,
    "created_at": "1404-06-19T01:53:07.584268",
    "status": "لغو شده",
    "payment_message_id": null,
    "updated_at": "1404-06-19T12:46:57.048487"
  },
  {
    "id": 10,
    "user_id": 83859402,
    "cart": [
      {
        "id": 1,
        "quantity": 2
      },
      {
        "id": 2,
        "quantity": 2
      }
    ],
    "total": 220000,
    "created_at": "1404-06-19T12:07:28.916375",
    "status": "لغو شده",
    "payment_message_id": null,
    "receipt": {
      "user_id": 83859402,
      "order_id": 10,
      "timestamp": "1404/06/19 - 12:46",
      "type": "text",
      "file_id": null,
      "text": "دببردد"
    },
    "admin_message_ids": {
      "6976559265": 5563,
      "83859402": 5564
    },
    "updated_at": "1404-06-19T12:46:36.763506"
  },
  {
    "id": 11,
    "user_id": 83859402,
    "cart": [
      {
        "id": 1,
        "quantity": 2
      },
      {
        "id": 2,
        "quantity": 2
      }
    ],
    "total": 220000,
    "created_at": "1404-06-19T12:13:05.788077",
    "status": "لغو شده",
    "payment_message_id": null,
    "receipt": {
      "user_id": 83859402,
      "order_id": 11,
      "timestamp": "1404/06/19 - 12:46",
      "type": "text",
      "file_id": null,
      "text": "الغرزز"
    },
    "admin_message_ids": {
      "6976559265": 5557,
      "83859402": 5558
    },
    "updated_at": "1404-06-19T12:46:21.326196"
  },
  {
    "id": 12,
    "user_id": 83859402,
    "cart": [
      {
        "id": 2,
        "quantity": 3
      }
    ],
    "total": 195000,
    "created_at": "1404-06-19T12:16:01.585783",
    "status": "لغو شده",
    "payment_message_id": 5502,
    "receipt": {
      "user_id": 83859402,
      "order_id": 12,
      "timestamp": "1404/06/19 - 12:45",
      "type": "text",
      "file_id": null,
      "text": "ددبلا"
    },
    "admin_message_ids": {
      "6976559265": 5551,
      "83859402": 5552
    },
    "updated_at": "1404-06-22T20:15:57.911206"
  },
  {
    "id": 13,
    "user_id": 83859402,
    "cart": [
      {
        "id": 2,
        "quantity": 3
      }
    ],
    "total": 195000,
    "created_at": "1404-06-19T12:28:34.944479",
    "status": "لغو شده",
    "payment_message_id": 5516,
    "receipt": {
      "user_id": 83859402,
      "order_id": 13,
      "timestamp": "1404/06/19 - 12:28",
      "type": "text",
      "file_id": null,
      "text": "Bvfgvv"
    },
    "admin_message_ids": {
      "6976559265": 5519,
      "83859402": 5520
    },
    "updated_at": "1404-06-19T12:28:47.151988"
  },
  {
    "id": 14,
    "user_id": 83859402,
    "cart": [
      {
        "id": 1,
        "quantity": 2
      },
      {
        "id": 3,
        "quantity": 2
      },
      {
        "id": 2,
        "quantity": 1
      }
    ],
    "total": 171000,
    "created_at": "1404-06-19T12:39:09.148019",
    "status": "ارسال شده",
    "payment_message_id": 5536,
    "receipt": {
      "user_id": 83859402,
      "order_id": 14,
      "timestamp": "1404/06/19 - 12:39",
      "type": "text",
      "file_id": null,
      "text": "Bvccch"
    },
    "admin_message_ids": {
      "6976559265": 5539,
      "83859402": 5540
    },
    "updated_at": "1404-06-19T12:39:35.227673",
    "ready_at": "1404/06/20 - 12:39"
  },
  {
    "id": 15,
    "user_id": 83859402,
    "cart": [
      {
        "id": 1,
        "quantity": 2
      },
      {
        "id": 2,
        "quantity": 2
      }
    ],
    "total": 220000,
    "created_at": "1404-06-19T13:48:57.304767",
    "status": "لغو شده",
    "payment_message_id": 5576,
    "receipt": {
      "user_id": 83859402,
      "order_id": 15,
      "timestamp": "1404/06/19 - 13:49",
      "type": "text",
      "file_id": null,
      "text": "Vcfgvvb"
    },
    "admin_message_ids": {
      "6976559265": 5579,
      "83859402": 5580
    },
    "updated_at": "1404-06-19T13:49:10.090261"
  },
  {
    "id": 16,
    "user_id": 83859402,
    "cart": [
      {
        "id": 2,
        "quantity": 2
      },
      {
        "id": 3,
        "quantity": 3
      }
    ],
    "total": 154000,
    "created_at": "1404-06-19T17:34:05.252615",
    "status": "ارسال شده",
    "payment_message_id": 5608,
    "receipt": {
      "user_id": 83859402,
      "order_id": 16,
      "timestamp": "1404/06/19 - 17:34",
      "type": "text",
      "file_id": null,
      "text": "بانك ملي ايران\nبرداشت:300,000-\nحساب:28006\nمانده:52,589,345\n0618-09:39"
    },
    "admin_message_ids": {
      "6976559265": 5611,
      "83859402": 5612
    },
    "updated_at": "1404-06-19T17:35:06.328426",
    "ready_at": "1404/06/19 - 18:45"
  },
  {
    "id": 17,
    "user_id": 83859402,
    "cart": [
      {
        "id": 1,
        "quantity": 4
      },
      {
        "id": 3,
        "quantity": 3
      }
    ],
    "total": 204000,
    "created_at": "1404-06-21T11:51:05.154920",
    "status": "ارسال شده",
    "payment_message_id": 5808,
    "receipt": {
      "user_id": 83859402,
      "order_id": 17,
      "timestamp": "1404/06/21 - 11:51",
      "type": "photo",
      "file_id": "AgACAgQAAxkBAAIWsmjD1_nobbEdRb_-uoE64dXd_wOHAAPOMRvmCyBSaTAJHkPtpckBAAMCAAN5AAM2BA",
      "text": "---"
    },
    "admin_message_ids": {
      "6976559265": 5811,
      "83859402": 5812
    },
    "updated_at": "1404-06-21T11:51:17.572200",
    "ready_at": "1404/06/21 - 12:51"
  },
  {
    "id": 18,
    "user_id": 6976559265,
    "cart": {
      "products": [
        {
          "type": "product",
          "id": 1,
          "quantity": 5
        },
        {
          "type": "product",
          "id": 4,
          "quantity": 2
        },
        {
          "type": "product",
          "id": 5,
          "quantity": 1
        },
        {
          "type": "product",
          "id": 3,
          "quantity": 1
        }
      ],
      "location": {
        "type": "location",
        "lat": 35.634388,
        "lon": 51.38973
      },
      "note": null
    },
    "total": 439000,
    "created_at": "1404-06-24T00:24:40.190641",
    "status": "ارسال شده",
    "payment_message_id": 6129,
    "receipt": {
      "user_id": 6976559265,
      "order_id": 18,
      "timestamp": "1404/06/24 - 00:34",
      "type": "text",
      "file_id": null,
      "text": "Vgghcccc"
    },
    "admin_message_ids": {
      "83859402": 6140
    },
    "updated_at": "1404-06-24T00:34:39.082069",
    "ready_at": "1404/06/24 - 01:04"
  },
  {
    "id": 19,
    "user_id": 6976559265,
    "cart": {
      "products": [
        {
          "type": "product",
          "id": 2,
          "quantity": 1
        }
      ],
      "location": {
        "type": "location",
        "lat": 35.634388,
        "lon": 51.38973
      },
      "note": null
    },
    "total": 160000,
    "created_at": "1404-06-24T00:37:44.016706",
    "status": "تایید شده",
    "payment_message_id": 6159,
    "receipt": {
      "user_id": 6976559265,
      "order_id": 19,
      "timestamp": "1404/06/24 - 00:37",
      "type": "text",
      "file_id": null,
      "text": "Vvghbbvv"
    },
    "admin_message_ids": {
      "83859402": 6162
    },
    "updated_at": "1404-06-24T00:38:02.006208"
  }
]