{
  "users": {
    "123456": {
      "name": "Ali",
      "points": 85,
      "last_order": "1404-06-24T14:30:00",
      "history": [
        {
          "order_id": 18,
          "amount": 439000,
          "points_earned": 43,
          "timestamp": "1404-06-24T00:24:40"
        },
        {
          "order_id": 17,
          "amount": 220000,
          "points_earned": 22,
          "timestamp": "1404-06-20T18:12:10"
        }
      ]
    },
    "789012": {
      "name": "Sara",
      "points": 12,
      "last_order": "1404-06-22T11:05:00",
      "history": []
    }
  },
  "settings": {
    "enabled": false,
    "earning_rate": 300000,
    "max_per_order": 10,
    "redeem_enabled": true,
    "redeem_rate": 1,
    "redeem_value": 10000
  }
}