[
  {
    "id": 1,
    "name": "🍔 چیزبرگر ویژه",
    "description": "برگر با گوشت تازه و پنیر",
    "price": 45000,
    "category_id": 1,
    "image": null,
    "active": true,
    "created_at": "2025-09-04T12:37:08.824978"
  },
  {
    "id": 2,
    "name": "🍕 پیتزا پپرونی",
    "description": "پیتزا با پپرونی و پنیر",
    "price": 160000,
    "category_id": 2,
    "image": null,
    "active": true,
    "created_at": "2025-09-04T12:37:08.825026"
  },
  {
    "id": 3,
    "name": "🥤 نوشابه",
    "description": "نوشابه سرد",
    "price": 8000,
    "category_id": 3,
    "image": null,
    "active": true,
    "created_at": "2025-09-04T12:37:08.825039"
  },
  {
    "name": "🥛 دوغ",
    "price": 28000,
    "description": "دوغ لیوانی",
    "category_id": 3,
    "active": true,
    "id": 4,
    "created_at": "2025-09-10T22:03:26.277980"
  },
  {
    "name": "🍔 برگر ذغالی",
    "price": 150000,
    "description": "تهیه شده از گوشت تازه گوساله...",
    "category_id": 1,
    "active": true,
    "id": 5,
    "created_at": "2025-09-10T22:07:43.847304"
  }
]