[
  {
    "user_id": 83859402,
    "username": "younes7212",
    "name": "شهرام",
    "phone": "09057185549",
    "address": "خانی اباد",
    "cart": [],
    "created_at": "2025-09-04T14:22:51.418107",
    "updated_at": "1404-06-21T11:51:06.384917",
    "total_message_id": null,
    "cart_message_ids": []
  },
  {
    "user_id": 111896951,
    "username": "jalal9333",
    "name": "جلال خانکشی زاده",
    "phone": "09387292041",
    "address": "نواب",
    "cart": [],
    "created_at": "2025-09-08T14:29:48.315301",
    "updated_at": "2025-09-08T14:31:06.674198",
    "total_message_id": null,
    "cart_message_ids": []
  },
  {
    "user_id": 5749548733,
    "username": null,
    "name": "امیر خانکشی زاده",
    "phone": "09106389918",
    "address": "نواب",
    "cart": [
      {
        "id": 1,
        "quantity": 2
      },
      {
        "id": 3,
        "quantity": 2
      }
    ],
    "created_at": "1404-06-19T19:11:35.169227",
    "updated_at": "1404-06-19T19:12:03.693166"
  },
  {
    "user_id": 6976559265,
    "username": "aaaa7501",
    "name": "یونس طالبی",
    "phone": "09105948601",
    "address": "خانی اباد نو خیابان میعاد شمالی",
    "city": "تهران",
    "cart": [
      {
        "type": "location",
        "lat": 35.699572,
        "lon": 51.376982
      },
      {
        "type": "product",
        "id": 5,
        "quantity": 2
      }
    ],
    "created_at": "1404-06-23T19:03:26.685777",
    "updated_at": "1404-06-25T02:37:37.053056",
    "total_message_id": 6282,
    "cart_message_ids": [
      6280,
      6281,
      6282
    ]
  }
]